username,password
user199,password199
user200,password200
user201,password201
user202,password202
user203,password203
user204,password204
user205,password205
user206,password206
user207,password207
user208,password208
user209,password209
user210,password210
user211,password211
user212,password212
user213,password213
user214,password214
user215,password215
user216,password216
user217,password217
user218,password218
user219,password219
user220,password220
user221,password221
user222,password222
user223,password223
user224,password224
user225,password225
user226,password226
user227,password227
user228,password228
user229,password229
user230,password230
user231,password231
user232,password232
user233,password233
user234,password234
user235,password235
user236,password236
user237,password237
user238,password238
user239,password239
user240,password240
user241,password241
user242,password242
user243,password243
user244,password244
user245,password245
user246,password246
user247,password247
user248,password248
user249,password249
user250,password250
user251,password251
user252,password252
user253,password253
user254,password254
user255,password255
user256,password256
user257,password257
user258,password258
user259,password259
user260,password260
user261,password261
user262,password262
user263,password263
user264,password264
user265,password265
user266,password266
user267,password267
user268,password268
user269,password269
user270,password270
user271,password271
user272,password272
user273,password273
user274,password274
user275,password275
user276,password276
user277,password277
user278,password278
user279,password279
user280,password280
user281,password281
user282,password282
user283,password283
user284,password284
user285,password285
user286,password286
user287,password287
user288,password288
user289,password289
user290,password290
user291,password291
user292,password292
user293,password293
user294,password294
user295,password295
user296,password296
user297,password297
user298,password298
user299,password299
user300,password300
user301,password301
user302,password302
user303,password303
user304,password304
user305,password305
user306,password306
user307,password307
user308,password308
user309,password309
user310,password310
user311,password311
user312,password312
user313,password313
user314,password314
user315,password315
user316,password316
user317,password317
user318,password318
user319,password319
user320,password320
user321,password321
user322,password322
user323,password323
user324,password324
user325,password325
user326,password326
user327,password327
user328,password328
user329,password329
user330,password330
user331,password331
user332,password332
user333,password333
user334,password334
user335,password335
user336,password336
user337,password337
user338,password338
user339,password339
user340,password340
user341,password341
user342,password342
user343,password343
user344,password344
user345,password345
user346,password346
user347,password347
user348,password348
user349,password349
user350,password350
user351,password351
user352,password352
user353,password353
user354,password354
user355,password355
user356,password356
user357,password357
user358,password358
user359,password359
user360,password360
user361,password361
user362,password362
user363,password363
user364,password364
user365,password365
user366,password366
user367,password367
user368,password368
user369,password369
user370,password370
user371,password371
user372,password372
user373,password373
user374,password374
user375,password375
user376,password376
user377,password377
user378,password378
user379,password379
user380,password380
user381,password381
user382,password382
user383,password383
user384,password384
user385,password385
user386,password386
user387,password387
user388,password388
user389,password389
user390,password390
user391,password391
user392,password392
user393,password393
user394,password394
user395,password395
user396,password396
user397,password397
user398,password398
user399,password399
user400,password400
user401,password401
user402,password402
user403,password403
user404,password404
user405,password405
user406,password406
user407,password407
user408,password408
user409,password409
user410,password410
user411,password411
user412,password412
user413,password413
user414,password414
user415,password415
user416,password416
user417,password417
user418,password418
user419,password419
user420,password420
user421,password421
user422,password422
user423,password423
user424,password424
user425,password425
user426,password426
user427,password427
user428,password428
user429,password429
user430,password430
user431,password431
user432,password432
user433,password433
user434,password434
user435,password435
user436,password436
user437,password437
user438,password438
user439,password439
user440,password440
user441,password441
user442,password442
user443,password443
user444,password444
user445,password445
user446,password446
user447,password447
user448,password448
user449,password449
user450,password450
user451,password451
user452,password452
user453,password453
user454,password454
user455,password455
user456,password456
user457,password457
user458,password458
user459,password459
user460,password460
user461,password461
user462,password462
user463,password463
user464,password464
user465,password465
user466,password466
user467,password467
user468,password468
user469,password469
user470,password470
user471,password471
user472,password472
user473,password473
user474,password474
user475,password475
user476,password476
user477,password477
user478,password478
user479,password479
user480,password480
user481,password481
user482,password482
user483,password483
user484,password484
user485,password485
user486,password486
user487,password487
user488,password488
user489,password489
user490,password490
user491,password491
user492,password492
user493,password493
user494,password494
user495,password495
user496,password496
user497,password497
user498,password498
user499,password499
user500,password500
user501,password501
user502,password502
user503,password503
user504,password504
user505,password505
user506,password506
user507,password507
user508,password508
user509,password509
user510,password510
user511,password511
user512,password512
user513,password513
user514,password514
user515,password515
user516,password516
user517,password517
user518,password518
user519,password519
user520,password520
user521,password521
user522,password522
user523,password523
user524,password524
user525,password525
user526,password526
user527,password527
user528,password528
user529,password529
user530,password530
user531,password531
user532,password532
user533,password533
user534,password534
user535,password535
user536,password536
user537,password537
user538,password538
user539,password539
user540,password540
user541,password541
user542,password542
user543,password543
user544,password544
user545,password545
user546,password546
user547,password547
user548,password548
user549,password549
user550,password550
user551,password551
user552,password552
user553,password553
user554,password554
user555,password555
user556,password556
user557,password557
user558,password558
user559,password559
user560,password560
user561,password561
user562,password562
user563,password563
user564,password564
user565,password565
user566,password566
user567,password567
user568,password568
user569,password569
user570,password570
user571,password571
user572,password572
user573,password573
user574,password574
user575,password575
user576,password576
user577,password577
user578,password578
user579,password579
user580,password580
user581,password581
user582,password582
user583,password583
user584,password584
user585,password585
user586,password586
user587,password587
user588,password588
user589,password589
user590,password590
user591,password591
user592,password592
user593,password593
user594,password594
user595,password595
user596,password596
user597,password597
user598,password598
user599,password599
user600,password600
user601,password601
user602,password602
user603,password603
user604,password604
user605,password605
user606,password606
user607,password607
user608,password608
user609,password609
user610,password610
user611,password611
user612,password612
user613,password613
user614,password614
user615,password615
user616,password616
user617,password617
user618,password618
user619,password619
user620,password620
user621,password621
user622,password622
user623,password623
user624,password624
user625,password625
user626,password626
user627,password627
user628,password628
user629,password629
user630,password630
user631,password631
user632,password632
user633,password633
user634,password634
user635,password635
user636,password636
user637,password637
user638,password638
user639,password639
user640,password640
user641,password641
user642,password642
user643,password643
user644,password644
user645,password645
user646,password646
user647,password647
user648,password648
user649,password649
user650,password650
user651,password651
user652,password652
user653,password653
user654,password654
user655,password655
user656,password656
user657,password657
user658,password658
user659,password659
user660,password660
user661,password661
user662,password662
user663,password663
user664,password664
user665,password665
user666,password666
user667,password667
user668,password668
user669,password669
user670,password670
user671,password671
user672,password672
user673,password673
user674,password674
user675,password675
user676,password676
user677,password677
user678,password678
user679,password679
user680,password680
user681,password681
user682,password682
user683,password683
user684,password684
user685,password685
user686,password686
user687,password687
user688,password688
user689,password689
user690,password690
user691,password691
user692,password692
user693,password693
user694,password694
user695,password695
user696,password696
user697,password697
user698,password698
user699,password699
user700,password700
user701,password701
user702,password702
user703,password703
user704,password704
user705,password705
user706,password706
user707,password707
user708,password708
user709,password709
user710,password710
user711,password711
user712,password712
user713,password713
user714,password714
user715,password715
user716,password716
user717,password717
user718,password718
user719,password719
user720,password720
user721,password721
user722,password722
user723,password723
user724,password724
user725,password725
user726,password726
user727,password727
user728,password728
user729,password729
user730,password730
user731,password731
user732,password732
user733,password733
user734,password734
user735,password735
user736,password736
user737,password737
user738,password738
user739,password739
user740,password740
user741,password741
user742,password742
user743,password743
user744,password744
user745,password745
user746,password746
user747,password747
user748,password748
user749,password749
user750,password750
user751,password751
user752,password752
user753,password753
user754,password754
user755,password755
user756,password756
user757,password757
user758,password758
user759,password759
user760,password760
user761,password761
user762,password762
user763,password763
user764,password764
user765,password765
user766,password766
user767,password767
user768,password768
user769,password769
user770,password770
user771,password771
user772,password772
user773,password773
user774,password774
user775,password775
user776,password776
user777,password777
user778,password778
user779,password779
user780,password780
user781,password781
user782,password782
user783,password783
user784,password784
user785,password785
user786,password786
user787,password787
user788,password788
user789,password789
user790,password790
user791,password791
user792,password792
user793,password793
user794,password794
user795,password795
user796,password796
user797,password797
user798,password798
user799,password799
user800,password800
user801,password801
user802,password802
user803,password803
user804,password804
user805,password805
user806,password806
user807,password807
user808,password808
user809,password809
user810,password810
user811,password811
user812,password812
user813,password813
user814,password814
user815,password815
user816,password816
user817,password817
user818,password818
user819,password819
user820,password820
user821,password821
user822,password822
user823,password823
user824,password824
user825,password825
user826,password826
user827,password827
user828,password828
user829,password829
user830,password830
user831,password831
user832,password832
user833,password833
user834,password834
user835,password835
user836,password836
user837,password837
user838,password838
user839,password839
user840,password840
user841,password841
user842,password842
user843,password843
user844,password844
user845,password845
user846,password846
user847,password847
user848,password848
user849,password849
user850,password850
user851,password851
user852,password852
user853,password853
user854,password854
user855,password855
user856,password856
user857,password857
user858,password858
user859,password859
user860,password860
user861,password861
user862,password862
user863,password863
user864,password864
user865,password865
user866,password866
user867,password867
user868,password868
user869,password869
user870,password870
user871,password871
user872,password872
user873,password873
user874,password874
user875,password875
user876,password876
user877,password877
user878,password878
user879,password879
user880,password880
user881,password881
user882,password882
user883,password883
user884,password884
user885,password885
user886,password886
user887,password887
user888,password888
user889,password889
user890,password890
user891,password891
user892,password892
user893,password893
user894,password894
user895,password895
user896,password896
user897,password897
user898,password898
user899,password899
user900,password900
user901,password901
user902,password902
user903,password903
user904,password904
user905,password905
user906,password906
user907,password907
user908,password908
user909,password909
user910,password910
user911,password911
user912,password912
user913,password913
user914,password914
user915,password915
user916,password916
user917,password917
user918,password918
user919,password919
user920,password920
user921,password921
user922,password922
user923,password923
user924,password924
user925,password925
user926,password926
user927,password927
user928,password928
user929,password929
user930,password930
user931,password931
user932,password932
user933,password933
user934,password934
user935,password935
user936,password936
user937,password937
user938,password938
user939,password939
user940,password940
user941,password941
user942,password942
user943,password943
user944,password944
user945,password945
user946,password946
user947,password947
user948,password948
user949,password949
user950,password950
user951,password951
user952,password952
user953,password953
user954,password954
user955,password955
user956,password956
user957,password957
user958,password958
user959,password959
user960,password960
user961,password961
user962,password962
user963,password963
user964,password964
user965,password965
user966,password966
user967,password967
user968,password968
user969,password969
user970,password970
user971,password971
user972,password972
user973,password973
user974,password974
user975,password975
user976,password976
user977,password977
user978,password978
user979,password979
user980,password980
user981,password981
user982,password982
user983,password983
user984,password984
user985,password985
user986,password986
user987,password987
user988,password988
user989,password989
user990,password990
user991,password991
user992,password992
user993,password993
user994,password994
user995,password995
user996,password996
user997,password997
user998,password998
user999,password999
